rank,movement,points,competitions_played,competitor_id
1,0,9440,23,sr:competitor:49363
1,0,9440,23,sr:competitor:51836
3,0,7590,26,sr:competitor:14898
4,0,7590,27,sr:competitor:637970
5,0,6460,20,sr:competitor:87690
6,1,5760,23,sr:competitor:95801
7,-1,5700,21,sr:competitor:15310
8,0,5610,19,sr:competitor:36593
9,0,5520,18,sr:competitor:52293
10,0,5125,16,sr:competitor:15568
11,0,5125,19,sr:competitor:16160
12,0,4710,13,sr:competitor:124658
13,0,4610,24,sr:competitor:16608
14,1,4460,34,sr:competitor:59131
15,1,4325,32,sr:competitor:108099
16,-2,4135,27,sr:competitor:16151
17,0,3610,26,sr:competitor:53785
18,0,3320,24,sr:competitor:38181
19,0,3140,19,sr:competitor:15548
20,0,2960,27,sr:competitor:210736
21,0,2960,34,sr:competitor:55989
22,0,2910,31,sr:competitor:47834
23,1,2716,36,sr:competitor:23899
24,1,2610,27,sr:competitor:52202
25,2,2580,36,sr:competitor:52065
26,2,2575,27,sr:competitor:22967
27,4,2575,29,sr:competitor:106349
28,1,2565,30,sr:competitor:56629
29,1,2560,26,sr:competitor:14553
30,2,2500,34,sr:competitor:206889
31,7,2472,26,sr:competitor:76263
32,1,2460,27,sr:competitor:112805
33,3,2430,22,sr:competitor:74173
34,0,2340,27,sr:competitor:14835
35,2,2325,27,sr:competitor:59324
36,35,2285,25,sr:competitor:121182
37,2,2275,35,sr:competitor:106559
38,2,2195,22,sr:competitor:16409
39,4,2180,21,sr:competitor:15307
40,1,2051,28,sr:competitor:45105
41,1,2015,26,sr:competitor:70348
42,-16,1985,25,sr:competitor:16124
43,40,1976,29,sr:competitor:41475
44,0,1925,26,sr:competitor:230186
45,0,1904,34,sr:competitor:114831
46,0,1870,9,sr:competitor:203681
47,-24,1860,28,sr:competitor:81059
48,2,1831,32,sr:competitor:62410
49,0,1805,32,sr:competitor:15305
50,2,1800,31,sr:competitor:66864
51,-4,1800,36,sr:competitor:231188
52,-4,1780,31,sr:competitor:108755
53,-2,1760,24,sr:competitor:47966
54,0,1725,27,sr:competitor:16275
55,-2,1695,33,sr:competitor:47295
56,0,1635,32,sr:competitor:78793
57,0,1610,32,sr:competitor:127646
58,-3,1570,41,sr:competitor:231090
59,-24,1530,29,sr:competitor:104917
60,-2,1527,27,sr:competitor:69362
61,-2,1515,30,sr:competitor:81763
62,-2,1497,38,sr:competitor:16823
63,-2,1483,32,sr:competitor:52244
64,-2,1460,25,sr:competitor:17038
65,-2,1455,29,sr:competitor:15588
66,-2,1433,37,sr:competitor:111195
67,-2,1430,35,sr:competitor:48646
68,-2,1416,41,sr:competitor:112969
68,-2,1416,41,sr:competitor:936355
70,-2,1385,30,sr:competitor:152900
71,-2,1350,30,sr:competitor:49306
72,-2,1317,31,sr:competitor:204781
73,-1,1278,31,sr:competitor:918463
74,1,1260,24,sr:competitor:25189
75,-2,1230,29,sr:competitor:52263
76,0,1189,27,sr:competitor:838776
77,3,1145,23,sr:competitor:16198
78,-4,1136,30,sr:competitor:16042
79,-1,1125,13,sr:competitor:300540
80,-1,1120,15,sr:competitor:63438
81,-4,1096,38,sr:competitor:147104
82,-1,1095,12,sr:competitor:871495
83,2,1095,33,sr:competitor:287215
84,-2,1073,33,sr:competitor:223868
85,4,1058,20,sr:competitor:393598
86,-2,1056,23,sr:competitor:104421
87,0,1035,29,sr:competitor:52951
88,-2,1007,29,sr:competitor:16043
89,-1,990,10,sr:competitor:75813
90,0,973,36,sr:competitor:98413
91,1,960,28,sr:competitor:243522
92,-1,913,28,sr:competitor:234124
93,7,881,35,sr:competitor:1020797
94,15,868,26,sr:competitor:197678
95,-2,867,24,sr:competitor:16573
96,1,855,9,sr:competitor:125006
97,5,832,36,sr:competitor:209202
98,1,829,38,sr:competitor:77653
99,2,820,23,sr:competitor:77223
100,3,811,20,sr:competitor:25457
101,31,810,13,sr:competitor:808628
102,-8,807,21,sr:competitor:76361
103,-5,805,34,sr:competitor:157396
104,2,802,35,sr:competitor:16992
105,0,797,36,sr:competitor:73572
106,5,793,25,sr:competitor:305776
107,1,791,36,sr:competitor:121032
108,-12,784,31,sr:competitor:60920
109,-2,770,30,sr:competitor:53759
110,0,770,30,sr:competitor:450383
111,1,757,30,sr:competitor:234044
112,1,744,30,sr:competitor:296270
113,4,743,33,sr:competitor:16854
114,2,711,34,sr:competitor:95923
115,0,709,34,sr:competitor:50037
116,-12,701,40,sr:competitor:256001
117,1,690,15,sr:competitor:102151
118,2,687,17,sr:competitor:299130
119,0,674,23,sr:competitor:141882
120,4,674,38,sr:competitor:52260
121,14,673,21,sr:competitor:146040
122,8,671,31,sr:competitor:25021
123,0,667,31,sr:competitor:240880
124,-10,664,30,sr:competitor:16492
125,-3,654,27,sr:competitor:548169
126,-1,650,23,sr:competitor:263917
127,-1,648,14,sr:competitor:39712
128,-1,640,10,sr:competitor:126356
129,-1,640,31,sr:competitor:111607
130,3,630,11,sr:competitor:163480
131,3,630,19,sr:competitor:534043
132,4,617,37,sr:competitor:77011
133,5,608,35,sr:competitor:113889
134,5,606,11,sr:competitor:35766
135,-6,606,34,sr:competitor:145936
136,1,593,23,sr:competitor:78387
137,5,591,18,sr:competitor:100069
138,7,590,34,sr:competitor:297502
139,4,589,26,sr:competitor:124708
140,7,585,34,sr:competitor:25458
141,0,562,27,sr:competitor:119150
142,4,560,13,sr:competitor:392066
143,5,557,39,sr:competitor:112061
144,-23,556,30,sr:competitor:42151
145,10,551,29,sr:competitor:72420
146,10,551,31,sr:competitor:55745
147,13,548,21,sr:competitor:280601
148,1,548,32,sr:competitor:390480
149,9,547,27,sr:competitor:58877
150,1,545,6,sr:competitor:128552
151,-11,545,27,sr:competitor:69910
152,-8,543,33,sr:competitor:145008
153,-22,540,10,sr:competitor:90080
154,-1,537,25,sr:competitor:113221
155,-3,537,26,sr:competitor:380004
156,-2,536,28,sr:competitor:44637
157,-7,534,37,sr:competitor:98981
158,1,527,31,sr:competitor:58989
159,2,520,5,sr:competitor:102339
160,5,520,32,sr:competitor:92845
161,1,515,30,sr:competitor:110707
162,1,510,15,sr:competitor:122368
163,8,510,34,sr:competitor:297448
164,0,506,21,sr:competitor:216502
165,-8,504,22,sr:competitor:119140
166,0,501,28,sr:competitor:628218
167,0,500,5,sr:competitor:44553
168,0,496,10,sr:competitor:108767
169,24,495,10,sr:competitor:122366
170,-1,491,34,sr:competitor:84671
171,-1,486,24,sr:competitor:195458
172,7,479,13,sr:competitor:448357
173,0,479,24,sr:competitor:59700
174,0,474,32,sr:competitor:263865
175,0,472,37,sr:competitor:422955
176,9,467,21,sr:competitor:204495
177,-1,466,13,sr:competitor:405977
178,-1,461,14,sr:competitor:15809
179,-1,452,37,sr:competitor:155860
180,0,446,15,sr:competitor:295508
181,0,446,32,sr:competitor:106395
182,0,443,25,sr:competitor:99377
183,3,425,17,sr:competitor:530317
184,3,421,6,sr:competitor:94485
185,-2,419,35,sr:competitor:37637
185,-2,419,35,sr:competitor:54609
187,2,411,23,sr:competitor:82579
188,3,409,23,sr:competitor:396126
189,3,407,33,sr:competitor:289021
190,4,405,9,sr:competitor:671637
191,4,399,28,sr:competitor:99043
192,-4,398,23,sr:competitor:96859
193,7,398,29,sr:competitor:310972
194,2,397,31,sr:competitor:55293
195,2,391,24,sr:competitor:221556
196,2,383,22,sr:competitor:218344
197,2,381,13,sr:competitor:43319
198,3,380,12,sr:competitor:227358
199,3,378,16,sr:competitor:250231
200,6,374,34,sr:competitor:163538
201,13,372,14,sr:competitor:64920
202,1,372,23,sr:competitor:85877
203,-13,365,12,sr:competitor:49417
204,4,360,5,sr:competitor:352776
205,4,360,6,sr:competitor:89632
206,4,360,18,sr:competitor:169496
207,5,356,24,sr:competitor:163540
208,5,353,11,sr:competitor:342826
209,28,353,34,sr:competitor:853643
210,5,349,25,sr:competitor:50148
211,5,344,27,sr:competitor:233144
212,-1,338,31,sr:competitor:161448
213,8,337,25,sr:competitor:723013
214,3,333,38,sr:competitor:880089
215,3,331,23,sr:competitor:163438
216,3,330,2,sr:competitor:339377
217,171,330,2,sr:competitor:46391
218,17,329,32,sr:competitor:348308
219,1,327,9,sr:competitor:539343
220,2,324,25,sr:competitor:193930
221,4,323,26,sr:competitor:79223
222,1,322,22,sr:competitor:161868
223,-16,320,24,sr:competitor:15275
224,0,320,33,sr:competitor:395828
225,1,315,7,sr:competitor:124930
226,1,315,10,sr:competitor:399637
227,1,315,11,sr:competitor:257721
228,1,315,15,sr:competitor:255595
229,2,312,26,sr:competitor:169492
230,3,309,18,sr:competitor:251091
231,3,304,30,sr:competitor:120956
232,14,303,15,sr:competitor:38180
233,3,301,9,sr:competitor:132558
234,-62,300,3,sr:competitor:136042
235,3,298,14,sr:competitor:428657
236,3,298,29,sr:competitor:77501
237,3,298,34,sr:competitor:96629
238,3,296,9,sr:competitor:212004
239,-35,296,17,sr:competitor:284801
240,3,295,7,sr:competitor:496346
241,3,294,20,sr:competitor:214824
242,0,294,27,sr:competitor:498580
243,5,286,11,sr:competitor:51974
244,5,282,11,sr:competitor:284805
245,5,281,24,sr:competitor:552469
246,5,281,35,sr:competitor:379924
247,6,277,32,sr:competitor:154740
248,6,275,6,sr:competitor:294300
249,-4,275,19,sr:competitor:145108
250,2,274,31,sr:competitor:308834
251,5,273,21,sr:competitor:180104
252,-5,273,21,sr:competitor:686709
253,4,272,42,sr:competitor:51304
254,4,270,5,sr:competitor:206879
255,-160,270,7,sr:competitor:57163
256,3,270,8,sr:competitor:450283
257,31,266,12,sr:competitor:373852
258,3,264,22,sr:competitor:927343
259,3,264,29,sr:competitor:126622
260,3,260,13,sr:competitor:168420
261,-1,260,23,sr:competitor:973963
262,2,258,28,sr:competitor:48225
263,2,257,30,sr:competitor:731833
264,2,257,33,sr:competitor:208123
265,2,256,10,sr:competitor:156664
266,25,256,21,sr:competitor:505542
267,1,256,31,sr:competitor:412829
268,1,255,3,sr:competitor:145112
269,26,253,9,sr:competitor:121668
270,26,253,21,sr:competitor:437794
271,-16,253,34,sr:competitor:322589
272,-2,252,20,sr:competitor:53483
273,-2,252,23,sr:competitor:614090
274,-1,250,6,sr:competitor:130398
275,-1,250,24,sr:competitor:126402
276,-1,249,13,sr:competitor:79227
277,-1,248,31,sr:competitor:217192
278,0,244,26,sr:competitor:739643
279,3,242,10,sr:competitor:130436
280,4,240,14,sr:competitor:774476
281,5,238,7,sr:competitor:121122
282,-52,238,17,sr:competitor:220588
283,2,236,23,sr:competitor:60614
284,5,236,29,sr:competitor:381022
285,-13,236,32,sr:competitor:96535
286,4,235,28,sr:competitor:452787
287,0,235,34,sr:competitor:154570
288,6,233,31,sr:competitor:154490
289,-12,232,24,sr:competitor:207777
290,2,230,9,sr:competitor:682913
291,2,230,22,sr:competitor:645452
292,5,228,24,sr:competitor:398360
293,-13,228,26,sr:competitor:185434
294,4,226,16,sr:competitor:378220
295,4,225,5,sr:competitor:47975
295,4,225,5,sr:competitor:129368
297,4,225,7,sr:competitor:15931
298,4,225,27,sr:competitor:161220
299,4,222,16,sr:competitor:809324
300,-19,222,30,sr:competitor:645442
301,-69,220,14,sr:competitor:47760
302,2,219,20,sr:competitor:95939
303,2,217,6,sr:competitor:310974
304,2,217,9,sr:competitor:145122
305,2,217,15,sr:competitor:759900
306,-27,216,23,sr:competitor:84301
307,11,216,37,sr:competitor:124934
308,0,215,5,sr:competitor:49172
309,0,214,21,sr:competitor:439474
310,1,211,9,sr:competitor:113905
311,1,211,28,sr:competitor:407791
312,1,211,38,sr:competitor:223788
313,2,210,32,sr:competitor:202735
314,2,208,5,sr:competitor:603098
315,2,208,22,sr:competitor:121248
316,3,208,22,sr:competitor:244388
317,17,207,24,sr:competitor:193912
318,2,204,12,sr:competitor:93597
319,-9,204,21,sr:competitor:287543
320,4,201,13,sr:competitor:82133
321,0,201,27,sr:competitor:220590
322,3,200,4,sr:competitor:67154
323,3,200,5,sr:competitor:124656
324,3,199,12,sr:competitor:686911
325,3,199,24,sr:competitor:447733
326,4,197,14,sr:competitor:240264
327,4,195,31,sr:competitor:272245
328,5,192,16,sr:competitor:305558
329,6,190,5,sr:competitor:83397
330,-125,190,6,sr:competitor:14508
331,-2,190,32,sr:competitor:458575
332,4,188,19,sr:competitor:138712
333,4,187,17,sr:competitor:303808
334,-12,186,10,sr:competitor:17359
335,7,186,14,sr:competitor:286367
336,2,186,18,sr:competitor:976405
337,2,185,13,sr:competitor:457059
338,2,185,21,sr:competitor:196672
339,2,184,23,sr:competitor:54903
340,11,182,20,sr:competitor:750283
341,2,181,25,sr:competitor:202681
342,2,180,1,sr:competitor:112783
343,2,180,2,sr:competitor:57703
343,4,180,2,sr:competitor:163504
345,3,180,2,sr:competitor:225050
346,3,180,5,sr:competitor:104847
347,0,180,5,sr:competitor:214182
348,2,180,7,sr:competitor:682911
349,4,180,24,sr:competitor:103625
350,4,179,25,sr:competitor:182086
351,5,178,24,sr:competitor:452691
352,3,178,24,sr:competitor:435758
353,-30,177,13,sr:competitor:49663
354,3,176,9,sr:competitor:226124
355,3,176,26,sr:competitor:130442
356,3,175,4,sr:competitor:90798
357,5,175,29,sr:competitor:681071
358,2,174,7,sr:competitor:387066
359,4,170,9,sr:competitor:515510
360,4,169,15,sr:competitor:362982
361,4,169,17,sr:competitor:55787
362,5,167,14,sr:competitor:205767
363,5,167,17,sr:competitor:620338
364,5,165,7,sr:competitor:947875
365,70,164,13,sr:competitor:359608
366,5,164,24,sr:competitor:437734
367,5,164,26,sr:competitor:16852
368,5,163,11,sr:competitor:679701
369,14,163,20,sr:competitor:873679
370,4,162,5,sr:competitor:80665
371,4,162,13,sr:competitor:65606
372,5,161,16,sr:competitor:215778
373,3,160,17,sr:competitor:312436
374,23,160,17,sr:competitor:312728
375,4,158,23,sr:competitor:229024
376,-15,157,11,sr:competitor:286541
377,3,157,18,sr:competitor:111609
378,-8,156,16,sr:competitor:861549
379,3,155,11,sr:competitor:134602
380,-28,155,21,sr:competitor:116616
381,-15,155,29,sr:competitor:767058
382,49,155,29,sr:competitor:418163
383,4,154,15,sr:competitor:564952
384,0,153,17,sr:competitor:644676
385,0,153,19,sr:competitor:96239
386,0,153,20,sr:competitor:538457
387,2,150,3,sr:competitor:763108
388,2,150,5,sr:competitor:185388
389,-106,150,8,sr:competitor:106755
390,1,150,19,sr:competitor:252233
391,5,150,21,sr:competitor:272273
392,0,149,7,sr:competitor:565070
393,0,148,12,sr:competitor:210502
394,0,148,18,sr:competitor:118166
395,0,148,18,sr:competitor:215492
396,2,145,18,sr:competitor:269535
397,15,145,20,sr:competitor:385204
398,1,145,23,sr:competitor:217038
399,-67,144,11,sr:competitor:655845
400,1,144,16,sr:competitor:16781
401,1,144,19,sr:competitor:298118
402,-2,144,27,sr:competitor:156826
403,1,143,10,sr:competitor:321667
404,5,143,22,sr:competitor:855911
405,-27,142,24,sr:competitor:280559
406,71,141,21,sr:competitor:785974
407,-2,141,22,sr:competitor:497320
408,-2,140,4,sr:competitor:405969
409,-28,140,5,sr:competitor:134610
410,-3,140,9,sr:competitor:763106
411,-3,139,11,sr:competitor:52276
412,-2,139,22,sr:competitor:501410
413,-2,138,16,sr:competitor:345060
414,43,138,27,sr:competitor:761136
415,-1,136,19,sr:competitor:138528
416,-1,136,20,sr:competitor:256375
417,-1,135,1,sr:competitor:163636
418,-1,135,5,sr:competitor:57021
419,-1,135,10,sr:competitor:54573
420,-106,135,10,sr:competitor:99587
421,-1,135,48,sr:competitor:759758
422,-1,134,12,sr:competitor:74441
423,44,134,23,sr:competitor:215696
424,-1,132,5,sr:competitor:503814
425,74,132,27,sr:competitor:404753
426,-2,131,7,sr:competitor:938667
427,-1,130,7,sr:competitor:49548
428,0,130,16,sr:competitor:15743
429,0,130,19,sr:competitor:1025093
430,25,130,22,sr:competitor:115239
431,1,129,12,sr:competitor:263857
432,1,129,15,sr:competitor:220932
433,1,128,9,sr:competitor:210526
434,-9,128,16,sr:competitor:524256
435,-5,128,27,sr:competitor:246745
436,-17,127,14,sr:competitor:269523
437,-10,127,15,sr:competitor:54975
438,-1,127,20,sr:competitor:390486
439,-1,126,20,sr:competitor:273883
440,-1,125,5,sr:competitor:739641
441,-1,125,10,sr:competitor:56361
442,-1,125,11,sr:competitor:177686
443,-1,125,12,sr:competitor:406397
444,-1,125,15,sr:competitor:186629
445,-1,125,22,sr:competitor:675167
446,-1,125,28,sr:competitor:376372
447,-1,124,11,sr:competitor:266711
448,0,124,14,sr:competitor:114885
449,0,123,7,sr:competitor:283965
450,0,123,20,sr:competitor:342822
451,0,123,22,sr:competitor:837590
452,11,123,31,sr:competitor:160104
453,-1,122,12,sr:competitor:88992
454,-7,122,12,sr:competitor:682903
455,-2,122,13,sr:competitor:570833
456,-2,122,18,sr:competitor:210636
457,-1,122,22,sr:competitor:297608
458,51,122,23,sr:competitor:181384
459,-1,122,36,sr:competitor:322729
460,50,121,6,sr:competitor:132834
461,-2,121,14,sr:competitor:241710
462,-2,121,15,sr:competitor:137890
463,-50,121,18,sr:competitor:418167
464,-3,121,26,sr:competitor:209356
465,-3,120,8,sr:competitor:307112
466,16,120,17,sr:competitor:165234
467,19,120,25,sr:competitor:783794
468,-4,119,7,sr:competitor:369572
469,-4,119,11,sr:competitor:224936
470,-4,119,12,sr:competitor:46259
471,83,119,19,sr:competitor:833418
472,-4,118,13,sr:competitor:341218
473,-4,118,19,sr:competitor:50901
474,-4,118,19,sr:competitor:389078
475,-4,118,20,sr:competitor:294248
476,-4,118,21,sr:competitor:76251
477,17,118,24,sr:competitor:256481
478,-5,117,15,sr:competitor:194668
479,-5,117,18,sr:competitor:51100
480,70,117,25,sr:competitor:100317
481,-5,116,13,sr:competitor:684577
482,18,116,17,sr:competitor:920395
483,-5,115,2,sr:competitor:997473
484,-5,114,10,sr:competitor:801374
485,-4,114,18,sr:competitor:107483
486,-6,114,18,sr:competitor:199196
487,27,112,13,sr:competitor:317355
488,-5,112,18,sr:competitor:403357
489,-5,112,19,sr:competitor:282183
490,27,112,20,sr:competitor:260947
491,-6,112,23,sr:competitor:990785
492,-56,111,10,sr:competitor:50360
493,-6,111,10,sr:competitor:622876
494,-5,111,14,sr:competitor:283451
495,-5,111,17,sr:competitor:609146
496,-5,110,2,sr:competitor:14882
497,-5,110,4,sr:competitor:39711
498,-5,110,12,sr:competitor:423131
499,-77,110,21,sr:competitor:170964
500,-4,109,11,sr:competitor:47767
1,0,10665,18,sr:competitor:72376
2,0,8825,15,sr:competitor:51387
3,0,7840,22,sr:competitor:74949
4,0,6775,17,sr:competitor:64496
5,0,5983,16,sr:competitor:43860
6,0,5355,15,sr:competitor:19202
6,0,5355,15,sr:competitor:69208
8,0,4690,24,sr:competitor:19932
9,0,4630,21,sr:competitor:41520
10,0,4521,17,sr:competitor:18936
11,0,4393,31,sr:competitor:19607
12,0,4344,17,sr:competitor:588071
13,0,4338,23,sr:competitor:64021
14,0,4325,25,sr:competitor:48625
15,0,4215,19,sr:competitor:66968
16,0,4055,27,sr:competitor:47810
17,0,3985,17,sr:competitor:123824
18,0,3913,30,sr:competitor:69718
19,0,3869,13,sr:competitor:871583
20,0,3820,25,sr:competitor:119670
21,0,3726,27,sr:competitor:99131
22,0,3715,15,sr:competitor:37508
23,0,3585,25,sr:competitor:46084
24,0,3346,12,sr:competitor:33593
25,0,3296,5,sr:competitor:373352
26,0,3253,22,sr:competitor:50537
27,0,3073,28,sr:competitor:24431
28,0,2785,29,sr:competitor:150122
29,0,2779,29,sr:competitor:66432
30,0,2767,33,sr:competitor:182178
31,0,2676,29,sr:competitor:129714
32,0,2665,16,sr:competitor:78551
33,0,2615,17,sr:competitor:289507
34,0,2611,28,sr:competitor:142996
35,0,2589,24,sr:competitor:43102
36,0,2506,24,sr:competitor:18354
37,0,2366,19,sr:competitor:91960
38,0,2358,18,sr:competitor:96075
39,0,2324,29,sr:competitor:166124
40,0,2290,10,sr:competitor:60392
41,0,2255,22,sr:competitor:19655
42,0,2186,24,sr:competitor:51481
43,0,2155,16,sr:competitor:272217
44,0,2102,9,sr:competitor:60398
45,0,2053,28,sr:competitor:19974
46,0,1976,20,sr:competitor:153652
47,0,1963,28,sr:competitor:47801
48,0,1941,9,sr:competitor:103901
49,0,1921,24,sr:competitor:49682
50,0,1919,26,sr:competitor:19731
51,0,1889,31,sr:competitor:70784
52,0,1855,21,sr:competitor:157672
53,0,1827,15,sr:competitor:47697
54,0,1776,11,sr:competitor:59702
55,0,1752,29,sr:competitor:43547
56,0,1724,14,sr:competitor:128584
57,0,1711,7,sr:competitor:278887
58,0,1618,15,sr:competitor:138452
59,0,1606,28,sr:competitor:61606
60,0,1568,32,sr:competitor:60668
61,0,1555,10,sr:competitor:44834
62,0,1420,17,sr:competitor:53789
63,0,1416,14,sr:competitor:135854
64,0,1387,12,sr:competitor:41877
65,2,1298,11,sr:competitor:88310
66,0,1292,12,sr:competitor:360038
67,-2,1290,28,sr:competitor:215476
68,0,1243,30,sr:competitor:52695
69,0,1226,30,sr:competitor:69602
70,0,1195,31,sr:competitor:194106
71,0,1168,13,sr:competitor:252223
72,0,1160,29,sr:competitor:37504
73,0,1150,8,sr:competitor:45915
74,0,1125,14,sr:competitor:67759
75,0,1101,12,sr:competitor:45545
76,0,1084,15,sr:competitor:105463
77,0,1063,29,sr:competitor:48451
78,0,1039,31,sr:competitor:168526
79,0,1035,30,sr:competitor:44977
80,0,1030,27,sr:competitor:173748
81,0,1024,34,sr:competitor:73542
82,0,1001,13,sr:competitor:401055
83,0,959,12,sr:competitor:192130
84,0,949,13,sr:competitor:234150
85,0,942,34,sr:competitor:121760
86,0,930,6,sr:competitor:179146
87,0,923,11,sr:competitor:52025
88,1,901,28,sr:competitor:71754
89,1,901,20,sr:competitor:108621
90,1,898,25,sr:competitor:799304
91,-3,871,31,sr:competitor:182054
92,0,865,36,sr:competitor:54175
93,0,845,14,sr:competitor:41524
94,0,830,18,sr:competitor:72450
95,0,823,13,sr:competitor:42289
96,1,811,32,sr:competitor:418583
97,1,810,17,sr:competitor:111189
98,1,793,9,sr:competitor:318195
99,1,785,18,sr:competitor:210558
100,-4,781,29,sr:competitor:51651
101,0,780,6,sr:competitor:18298
102,0,773,14,sr:competitor:41404
103,0,766,21,sr:competitor:227486
104,14,753,11,sr:competitor:286435
105,-1,741,12,sr:competitor:235260
106,-1,740,19,sr:competitor:453301
107,-1,735,32,sr:competitor:143140
108,-1,734,33,sr:competitor:51943
109,0,730,16,sr:competitor:64085
110,0,727,23,sr:competitor:215598
111,0,722,14,sr:competitor:549759
112,-4,710,24,sr:competitor:378340
113,0,676,24,sr:competitor:49907
114,0,671,7,sr:competitor:72758
115,0,671,32,sr:competitor:628178
116,-4,660,13,sr:competitor:335171
117,-1,660,19,sr:competitor:161270
118,-1,657,16,sr:competitor:345070
119,0,650,4,sr:competitor:19546
120,1,645,23,sr:competitor:87090
121,1,640,12,sr:competitor:262759
122,1,639,27,sr:competitor:53288
123,1,636,19,sr:competitor:303814
124,1,626,19,sr:competitor:473609
125,1,625,21,sr:competitor:19847
126,1,615,15,sr:competitor:120666
127,1,611,20,sr:competitor:67430
128,-8,602,27,sr:competitor:46428
129,1,600,13,sr:competitor:150574
130,1,599,26,sr:competitor:98607
131,1,592,15,sr:competitor:297588
132,1,585,13,sr:competitor:23158
133,1,585,10,sr:competitor:319455
134,19,584,13,sr:competitor:115507
135,0,578,13,sr:competitor:42492
136,-7,571,14,sr:competitor:92879
137,0,566,24,sr:competitor:148276
138,1,560,2,sr:competitor:228418
139,1,558,29,sr:competitor:61526
140,1,557,6,sr:competitor:242602
141,1,557,13,sr:competitor:771430
142,1,552,5,sr:competitor:133662
143,-7,550,15,sr:competitor:118096
144,0,550,24,sr:competitor:137990
145,1,547,16,sr:competitor:147506
146,1,542,6,sr:competitor:373354
147,-9,542,18,sr:competitor:256447
148,0,541,24,sr:competitor:99429
149,-4,538,24,sr:competitor:50915
150,0,532,27,sr:competitor:92877
151,0,529,23,sr:competitor:119216
152,2,518,11,sr:competitor:52183
153,-4,517,14,sr:competitor:867519
154,1,508,10,sr:competitor:227390
155,1,508,17,sr:competitor:776340
156,1,508,20,sr:competitor:137932
157,14,500,44,sr:competitor:325837
158,0,498,29,sr:competitor:448121
159,0,489,31,sr:competitor:143146
160,0,487,12,sr:competitor:256547
161,0,486,19,sr:competitor:369524
162,0,484,28,sr:competitor:189384
163,0,480,24,sr:competitor:102637
164,0,476,14,sr:competitor:71284
165,0,474,29,sr:competitor:45827
166,31,474,23,sr:competitor:203893
167,-1,473,15,sr:competitor:160190
168,-16,471,30,sr:competitor:46528
169,-2,470,32,sr:competitor:65610
170,-2,470,22,sr:competitor:195408
171,-2,463,14,sr:competitor:448081
172,-2,460,8,sr:competitor:245295
173,-1,459,10,sr:competitor:87834
174,2,454,7,sr:competitor:287769
175,2,452,19,sr:competitor:183957
176,2,451,5,sr:competitor:569013
177,2,451,25,sr:competitor:235252
178,4,441,23,sr:competitor:91916
179,4,438,17,sr:competitor:676251
180,4,437,29,sr:competitor:206995
181,4,437,28,sr:competitor:805538
182,4,436,21,sr:competitor:45139
183,4,433,15,sr:competitor:208125
184,-4,432,28,sr:competitor:245673
185,3,428,12,sr:competitor:141892
186,5,425,8,sr:competitor:242630
187,5,425,34,sr:competitor:41359
188,5,425,24,sr:competitor:215806
189,-8,423,20,sr:competitor:250285
190,-16,423,21,sr:competitor:156040
190,-16,423,21,sr:competitor:210670
192,2,422,7,sr:competitor:608348
193,-3,421,28,sr:competitor:46650
194,1,417,25,sr:competitor:97031
195,1,416,28,sr:competitor:119874
196,2,410,21,sr:competitor:170880
197,2,409,7,sr:competitor:105099
198,3,407,27,sr:competitor:93657
199,-10,403,34,sr:competitor:59762
200,2,403,24,sr:competitor:353358
201,2,401,11,sr:competitor:110055
202,2,400,18,sr:competitor:70728
203,-3,398,27,sr:competitor:64315
204,1,397,18,sr:competitor:568715
205,1,397,10,sr:competitor:675189
206,1,397,27,sr:competitor:46625
207,1,397,26,sr:competitor:378144
208,-35,395,11,sr:competitor:226306
209,1,392,21,sr:competitor:79443
210,2,390,10,sr:competitor:329535
211,2,389,24,sr:competitor:290994
212,9,387,25,sr:competitor:904005
213,1,387,25,sr:competitor:310984
214,-5,385,20,sr:competitor:414533
215,0,382,30,sr:competitor:244216
216,0,377,26,sr:competitor:23688
217,1,372,10,sr:competitor:47948
218,2,370,16,sr:competitor:153748
219,13,370,17,sr:competitor:505998
220,-1,367,32,sr:competitor:80427
221,1,365,10,sr:competitor:789688
222,1,363,17,sr:competitor:51315
223,1,362,17,sr:competitor:190882
224,-7,358,22,sr:competitor:67194
225,1,358,20,sr:competitor:48486
226,-15,357,15,sr:competitor:119410
227,0,355,4,sr:competitor:75825
228,0,352,9,sr:competitor:41737
229,0,351,24,sr:competitor:152106
230,0,350,6,sr:competitor:49118
231,0,350,22,sr:competitor:496316
232,1,348,25,sr:competitor:448613
233,1,348,16,sr:competitor:731427
234,1,341,12,sr:competitor:26120
235,1,341,14,sr:competitor:385206
236,-11,339,33,sr:competitor:88494
237,0,337,13,sr:competitor:52489
238,1,336,16,sr:competitor:82609
239,1,334,4,sr:competitor:55401
240,1,333,7,sr:competitor:662615
241,1,333,27,sr:competitor:59213
242,1,331,33,sr:competitor:233478
243,1,330,22,sr:competitor:289093
244,1,329,18,sr:competitor:868599
245,1,327,5,sr:competitor:152804
246,4,323,24,sr:competitor:807358
247,0,322,13,sr:competitor:337813
248,0,319,21,sr:competitor:282597
249,0,319,22,sr:competitor:870981
250,22,317,19,sr:competitor:432605
251,0,317,22,sr:competitor:222546
252,1,315,20,sr:competitor:260987
253,1,315,21,sr:competitor:445209
254,1,314,9,sr:competitor:762762
255,18,309,15,sr:competitor:341216
256,10,308,18,sr:competitor:52533
257,-1,307,6,sr:competitor:172590
258,29,307,26,sr:competitor:447703
259,-2,306,20,sr:competitor:517274
260,11,305,8,sr:competitor:1017327
261,-3,303,30,sr:competitor:47985
262,-10,303,17,sr:competitor:73500
263,-25,303,13,sr:competitor:416473
264,19,301,16,sr:competitor:406199
265,59,301,19,sr:competitor:132412
266,-7,301,23,sr:competitor:181062
267,-7,300,14,sr:competitor:763112
268,-6,299,33,sr:competitor:315663
269,-6,299,22,sr:competitor:60028
270,-6,298,26,sr:competitor:731441
271,-6,296,18,sr:competitor:192572
272,-5,293,14,sr:competitor:49963
273,-5,292,19,sr:competitor:198498
274,-5,290,6,sr:competitor:90664
275,-5,290,18,sr:competitor:499098
276,-2,288,22,sr:competitor:70822
277,-1,287,19,sr:competitor:842594
278,-1,286,20,sr:competitor:673491
279,-1,286,20,sr:competitor:265553
280,-1,286,27,sr:competitor:409673
281,-1,284,6,sr:competitor:18588
282,-1,284,19,sr:competitor:104929
283,-1,283,11,sr:competitor:41374
284,0,281,29,sr:competitor:59662
285,0,280,7,sr:competitor:202363
286,0,280,28,sr:competitor:78785
287,-26,278,15,sr:competitor:234398
288,29,277,15,sr:competitor:496378
289,-1,276,17,sr:competitor:283489
290,-1,272,4,sr:competitor:845268
291,-1,272,21,sr:competitor:343066
292,-1,271,10,sr:competitor:534045
293,-1,269,12,sr:competitor:812502
294,-19,266,17,sr:competitor:355958
295,-1,264,22,sr:competitor:343294
296,0,264,24,sr:competitor:61922
297,1,262,5,sr:competitor:755469
298,1,262,23,sr:competitor:282057
299,1,262,24,sr:competitor:510530
300,1,261,3,sr:competitor:67757
301,-8,261,25,sr:competitor:63238
302,0,260,3,sr:competitor:62924
303,-6,260,25,sr:competitor:70970
304,-1,258,13,sr:competitor:63220
305,-1,258,22,sr:competitor:395740
306,-1,257,21,sr:competitor:223862
307,-1,256,13,sr:competitor:54397
308,-1,256,15,sr:competitor:142942
309,-1,255,13,sr:competitor:278943
310,-1,254,15,sr:competitor:194690
311,-1,254,16,sr:competitor:292540
312,-1,253,25,sr:competitor:37638
313,-1,253,27,sr:competitor:810694
314,-1,252,10,sr:competitor:165866
315,-1,248,22,sr:competitor:246945
316,-1,245,7,sr:competitor:99405
317,-22,242,14,sr:competitor:194572
318,2,240,1,sr:competitor:42339
319,2,239,15,sr:competitor:129534
320,2,239,13,sr:competitor:86894
321,2,238,3,sr:competitor:45902
322,8,237,13,sr:competitor:226092
323,2,236,20,sr:competitor:209716
324,-6,236,25,sr:competitor:213144
325,1,235,15,sr:competitor:567285
326,-7,234,19,sr:competitor:436690
327,0,229,24,sr:competitor:849533
328,0,229,24,sr:competitor:233266
329,-13,229,25,sr:competitor:54983
330,-1,228,16,sr:competitor:337811
331,0,228,17,sr:competitor:936009
332,0,227,6,sr:competitor:110299
333,0,227,14,sr:competitor:285629
334,0,226,3,sr:competitor:45835
335,0,226,30,sr:competitor:201105
336,1,225,9,sr:competitor:137948
337,1,225,11,sr:competitor:403329
338,16,225,15,sr:competitor:813490
339,0,225,23,sr:competitor:154806
340,0,224,21,sr:competitor:345134
341,0,223,19,sr:competitor:136372
342,1,221,11,sr:competitor:329009
343,1,221,20,sr:competitor:624838
344,1,220,20,sr:competitor:122668
345,1,219,12,sr:competitor:58053
346,1,219,15,sr:competitor:282219
347,1,218,14,sr:competitor:102191
348,1,216,6,sr:competitor:110803
349,1,216,11,sr:competitor:896765
350,1,215,17,sr:competitor:513582
351,1,214,14,sr:competitor:107327
352,-10,212,18,sr:competitor:801396
353,0,212,21,sr:competitor:330689
354,5,211,22,sr:competitor:254553
355,59,210,12,sr:competitor:138654
356,-1,210,14,sr:competitor:750327
357,-1,210,19,sr:competitor:380368
358,0,209,12,sr:competitor:1020177
359,-2,206,22,sr:competitor:435794
360,0,205,14,sr:competitor:586739
361,0,205,25,sr:competitor:152762
362,0,203,14,sr:competitor:98523
363,-27,202,8,sr:competitor:319349
364,-1,202,2,sr:competitor:341112
365,-1,201,20,sr:competitor:262023
366,-1,198,24,sr:competitor:745799
367,14,196,16,sr:competitor:164852
368,-1,196,28,sr:competitor:158636
369,0,194,9,sr:competitor:87078
370,-2,194,18,sr:competitor:348196
371,2,192,26,sr:competitor:20158
372,-2,190,5,sr:competitor:210716
373,-2,189,19,sr:competitor:751899
374,-2,188,15,sr:competitor:25822
375,-9,186,7,sr:competitor:43527
376,-2,186,12,sr:competitor:843378
377,-2,186,12,sr:competitor:812476
378,-2,185,23,sr:competitor:750329
379,-2,184,2,sr:competitor:42459
380,-2,184,19,sr:competitor:280989
381,-2,183,8,sr:competitor:467037
382,-2,183,18,sr:competitor:119496
383,-1,180,10,sr:competitor:103375
384,-1,180,5,sr:competitor:153736
385,0,179,16,sr:competitor:42864
386,0,179,8,sr:competitor:54171
387,1,177,14,sr:competitor:801420
388,1,175,13,sr:competitor:120664
389,1,175,21,sr:competitor:96981
390,-3,173,15,sr:competitor:130624
391,0,172,10,sr:competitor:720625
392,1,171,4,sr:competitor:48455
393,1,171,25,sr:competitor:153744
394,-2,171,11,sr:competitor:280635
395,0,171,20,sr:competitor:341196
396,0,170,16,sr:competitor:1020859
397,6,170,24,sr:competitor:99775
398,-1,169,6,sr:competitor:100341
399,-1,169,15,sr:competitor:1022815
400,-1,169,22,sr:competitor:185412
401,-1,169,10,sr:competitor:459317
402,0,168,22,sr:competitor:206957
403,-2,166,20,sr:competitor:47876
404,0,166,21,sr:competitor:1008651
405,0,165,15,sr:competitor:192138
406,0,165,26,sr:competitor:66516
407,0,164,14,sr:competitor:46273
408,0,164,12,sr:competitor:880229
409,0,164,22,sr:competitor:72634
410,0,164,25,sr:competitor:873729
411,1,163,12,sr:competitor:831284
412,3,161,5,sr:competitor:366114
413,3,161,17,sr:competitor:741607
414,3,160,5,sr:competitor:192108
415,4,160,18,sr:competitor:283483
416,5,159,24,sr:competitor:80723
417,5,159,4,sr:competitor:19329
418,5,158,5,sr:competitor:728549
419,5,158,9,sr:competitor:145930
420,-36,158,13,sr:competitor:299258
421,4,158,24,sr:competitor:171354
422,4,157,14,sr:competitor:133080
423,4,157,11,sr:competitor:686597
424,9,157,25,sr:competitor:171026
425,3,156,5,sr:competitor:45584
426,-6,156,17,sr:competitor:1027517
427,-14,156,19,sr:competitor:182056
428,-17,155,10,sr:competitor:213140
429,0,155,13,sr:competitor:310982
430,0,155,11,sr:competitor:804342
431,0,155,11,sr:competitor:655811
432,16,155,15,sr:competitor:179248
433,-1,153,5,sr:competitor:25066
434,1,152,13,sr:competitor:119664
435,1,152,23,sr:competitor:447759
436,1,151,4,sr:competitor:499484
437,1,151,11,sr:competitor:196664
438,1,151,21,sr:competitor:858867
439,1,150,6,sr:competitor:90814
440,132,150,9,sr:competitor:273017
441,0,150,2,sr:competitor:790640
442,0,150,11,sr:competitor:960043
443,0,150,16,sr:competitor:827440
444,1,148,19,sr:competitor:522258
445,1,148,22,sr:competitor:569009
446,1,148,14,sr:competitor:677411
447,2,148,16,sr:competitor:782216
448,-30,147,16,sr:competitor:620340
449,1,146,14,sr:competitor:675193
450,1,146,19,sr:competitor:476218
451,1,145,13,sr:competitor:158690
452,1,145,16,sr:competitor:565020
453,2,144,11,sr:competitor:138330
454,3,143,5,sr:competitor:517296
455,3,143,9,sr:competitor:627278
456,3,143,8,sr:competitor:208181
457,3,143,13,sr:competitor:217036
458,3,140,3,sr:competitor:58515
459,3,140,4,sr:competitor:264117
460,4,140,13,sr:competitor:915371
461,61,140,14,sr:competitor:878645
462,3,140,14,sr:competitor:340365
463,3,140,16,sr:competitor:389048
464,3,140,29,sr:competitor:341238
465,-2,139,9,sr:competitor:588449
466,2,139,17,sr:competitor:98105
467,2,139,19,sr:competitor:220654
468,2,138,14,sr:competitor:202795
469,-15,138,18,sr:competitor:522848
470,1,138,20,sr:competitor:265743
471,2,136,3,sr:competitor:595220
472,2,136,9,sr:competitor:431743
473,2,136,11,sr:competitor:221510
474,2,136,20,sr:competitor:360054
475,-3,135,6,sr:competitor:47969
476,-20,135,15,sr:competitor:766176
477,0,134,17,sr:competitor:827398
478,1,132,3,sr:competitor:71034
479,1,132,9,sr:competitor:112957
480,-2,132,18,sr:competitor:157368
481,0,132,23,sr:competitor:568103
482,0,131,2,sr:competitor:19704
483,-49,131,11,sr:competitor:106341
484,-1,131,15,sr:competitor:264863
485,-1,131,4,sr:competitor:51477
486,-1,131,17,sr:competitor:154744
487,-1,131,20,sr:competitor:857871
488,-1,130,16,sr:competitor:784898
489,-1,130,13,sr:competitor:932867
490,-1,130,19,sr:competitor:286451
491,-1,129,5,sr:competitor:343160
492,-1,129,10,sr:competitor:784280
493,19,128,13,sr:competitor:840734
494,-2,127,4,sr:competitor:67743
495,-2,127,12,sr:competitor:378226
496,-2,126,13,sr:competitor:420997
497,-2,126,15,sr:competitor:511932
499,-2,125,9,sr:competitor:739667
500,-2,125,3,sr:competitor:71730
501,-2,125,12,sr:competitor:262701
